INSERT INTO Users (User_id, USER_NAME, email, Password, Created_at) VALUES
(101, 'Jas', 'abc@gmail.com', '123@asdfK', '2025-05-08 16:05:48'),
(102, 'Jun', 'cde@gmail.com', '123#lkjh', '2025-05-08 16:13:35'),
(103, 'Anu', 'fgh@gmail.com', '456%erjk', '2025-05-08 16:27:30'),
(104, 'Tasu', 'jhy34@gmail.com', '345fg', '2025-05-08 16:29:11'),
(105, 'Somiya', 'uigh@gmail.com', 'erp56lkj', '2025-05-08 16:30:23'),
(106, 'Nish', 'nish34@gmail.com', '678gh', '2025-05-08 16:31:11'),
(107, 'Pracheta', 'erp6609@gmail.com', '568gher', '2025-05-08 16:32:03'),
(108, 'Amisha', 'misu@gmail.com', '7890fg', '2025-05-08 16:36:09'),
(109, 'Anshika', 'purvi78@gmail.com', 'oi7854', '2025-05-08 16:37:18'),
(110, 'Renu', 'aam7845@gmail.com', '67ghtr', '2025-05-08 16:38:11'),
(111, NULL, NULL, NULL, '2025-05-23 19:27:53');


INSERT INTO Products (Prod_id, Prod_name, Price, Quantity, Category, Created_at, DISCOUNT) VALUES
(1, 'SAMSUNG S23 ULTRA', 80000.00, 1, 'Mobile Phone', '2025-05-10 22:48:14', NULL),
(2, 'VIVO V23', 15000.00, 2, 'Mobile Phone', '2025-05-12 00:00:05', NULL),
(3, 'APPLE WATCH', 120000.00, 1, 'Watch', '2025-05-12 00:01:53', NULL),
(4, 'CEILING FAN', 13000.00, 3, 'Fan', '2025-05-12 00:03:23', NULL),
(5, 'BUCKET', 200.00, 5, 'Plastic', '2025-05-12 00:04:11', NULL),
(6, 'SAMSUNG TV', 25000.00, 1, 'TV', '2025-05-12 00:05:46', NULL),
(7, 'COOKER', 1200.00, 2, 'Cooker', '2025-05-12 00:06:42', NULL),
(8, 'BURGER', 50.00, 7, 'food', '2025-05-12 00:07:29', NULL),
(9, 'CHIPS', 150.00, 3, 'Food', '2025-05-12 00:08:26', NULL),
(10, 'BIRYANI', 200.00, 3, 'Food', '2025-05-12 00:09:11', NULL);


INSERT INTO Orders (Order_id, User_id, Order_date, Total_amt, Status) VALUES
(1001, 101, '2025-05-12 21:48:01', 80000.00, 'Pending'),
(1011, 102, '2025-05-12 22:03:56', 120000.00, 'Shipped'),
(1012, 103, '2025-05-12 22:04:14', 90000.00, 'Shipped'),
(1013, 104, '2025-05-12 22:04:37', 90000.00, 'Pending'),
(1014, 105, '2025-05-12 22:04:55', 15000.00, 'Shipped'),
(1015, 106, '2025-05-12 22:05:20', 200.00, 'Delivered'),
(1016, 107, '2025-05-12 22:05:38', 35000.00, 'Pending'),
(1017, 108, '2025-05-12 22:05:52', 25000.00, 'Shipped'),
(1018, 109, '2025-05-12 22:06:22', 60000.00, 'Delivered'),
(1019, 110, '2025-05-12 22:07:05', 1200.00, 'Delivered');


INSERT INTO Order_Items (Order_item_id, Order_id, Prod_id, Quantity, Price) VALUES
(101, 1001, 3, 2, 120000.00),
(117, 1011, 3, 1, 120000.00),
(118, 1011, 1, 1, 80000.00),
(119, 1011, 6, 2, 25000.00),
(120, 1012, 2, 2, 15000.00),
(121, 1012, 5, 6, 200.00),
(122, 1014, 7, 4, 1200.00),
(123, 1015, 7, 4, 1200.00),
(124, 1017, 9, 15, 150.00),
(125, 1017, 10, 1, 200.00),
(126, 1015, 8, 10, 25.00);


INSERT INTO Payments (Payment_id, Order_id, Amt, Date, Method, Status) VALUES
(1, 1001, 120000.00, '2025-05-13 19:53:25', 'UPI', 'Delivered'),
(2, 1011, 120000.00, '2025-05-13 19:57:21', 'Cash', 'Delivered'),
(3, 1012, 15000.00, '2025-05-13 19:57:21', 'UPI', 'Shipped'),
(4, 1014, 1200.00, '2025-05-13 20:03:01', 'Cash', 'Pending'),
(5, 1015, 1200.00, '2025-05-13 20:03:01', 'Cash', 'Shipped'),
(6, 1015, 25.00, '2025-05-13 20:03:01', 'Cash', 'Pending'),
(7, 1017, 150.00, '2025-05-13 20:03:01', 'UPI', 'Delivered'),
(8, 1015, 200.00, '2025-05-13 20:03:01', 'UPI', 'Shipped'),
(9, 1011, 80000.00, '2025-05-13 20:05:10', 'Cash', 'Delivered'),
(10, 1012, 200.00, '2025-05-13 20:05:10', 'UPI', 'Delivered');

